<?xml version="1.0" encoding="UTF-8"?>
<project-private xmlns="http://www.netbeans.org/ns/project-private/1">
    <editor-bookmarks xmlns="http://www.netbeans.org/ns/editor-bookmarks/2" lastBookmarkId="0"/>
    <open-files xmlns="http://www.netbeans.org/ns/projectui-open-files/2">
        <group name="Semana-3">
            <file>file:/C:/Users/alejo/Documents/Semana%203/Tienda/src/misClases/Cliente.java</file>
            <file>file:/C:/Users/alejo/Documents/Semana%203/Tienda/src/misClases/Producto.java</file>
            <file>file:/C:/Users/alejo/Documents/Semana%203/Tienda/src/misClases/Acciones.java</file>
            <file>file:/C:/Users/alejo/Documents/Semana%203/Tienda/src/misClases/Trabajador.java</file>
            <file>file:/C:/Users/alejo/Documents/Semana%203/Tienda/src/misClases/Persona.java</file>
            <file>file:/C:/Users/alejo/Documents/Semana%203/Tienda/src/misClases/Factura.java</file>
            <file>file:/C:/Users/alejo/Documents/Semana%203/Tienda/src/tienda1/Tienda1.java</file>
        </group>
        <group name="Semana 4">
            <file>file:/C:/Users/alejo/Documents/Semana%204/Tienda2/src/misClases/TrabajadorServicios.java</file>
            <file>file:/C:/Users/alejo/Documents/Semana%204/Tienda2/src/tienda1/General.java</file>
            <file>file:/C:/Users/alejo/Documents/Semana%204/Tienda2/src/misClases/TrabajadorVinculado.java</file>
            <file>file:/C:/Users/alejo/Documents/Semana%204/Tienda2/src/tienda1/Ingreso.java</file>
            <file>file:/C:/Users/alejo/Documents/Semana%204/Tienda2/src/tienda1/Tienda1.java</file>
        </group>
    </open-files>
</project-private>
